{
  "hash": "90b345fd",
  "configHash": "be850d67",
  "lockfileHash": "1a6b603d",
  "browserHash": "74a5f0e2",
  "optimized": {
    "@angular/core": {
      "src": "../../../../../node_modules/@angular/core/fesm2022/core.mjs",
      "file": "@angular_core.js",
      "fileHash": "85fb9645",
      "needsInterop": false
    },
    "@angular/platform-browser": {
      "src": "../../../../../node_modules/@angular/platform-browser/fesm2022/platform-browser.mjs",
      "file": "@angular_platform-browser.js",
      "fileHash": "0be16de6",
      "needsInterop": false
    },
    "@angular/router": {
      "src": "../../../../../node_modules/@angular/router/fesm2022/router.mjs",
      "file": "@angular_router.js",
      "fileHash": "cfc4ddda",
      "needsInterop": false
    }
  },
  "chunks": {
    "chunk-WKYZXCXI": {
      "file": "chunk-WKYZXCXI.js"
    },
    "chunk-RA33G2A7": {
      "file": "chunk-RA33G2A7.js"
    }
  }
}